{
	"trees": [
		{
			"name": "Public Speaking",
			"description": "Master the art of public speaking and confidently deliver compelling presentations to any audience"
		},
		{
			"name": "Time Management",
			"description": "Develop effective time management skills to boost productivity and achieve a better work-life balance"
		},
		{
			"name": "Personal Finance",
			"description": "Build strong financial literacy skills to manage money, investments, and achieve long-term financial goals"
		},
		{
			"name": "Creative Writing",
			"description": "Develop storytelling techniques and writing skills to craft engaging narratives across different genres"
		},
		{
			"name": "Emotional Intelligence",
			"description": "Enhance your emotional awareness and interpersonal skills to build stronger relationships"
		},
		{
			"name": "Cooking Basics",
			"description": "Master fundamental cooking techniques and kitchen skills to prepare delicious meals confidently"
		},
		{
			"name": "Web Development",
			"description": "Learn essential web development skills to create and maintain modern, responsive websites"
		},
		{
			"name": "Project Management",
			"description": "Master project planning, execution, and team coordination to deliver successful projects"
		},
		{
			"name": "Graphic Design",
			"description": "Learn visual design principles and tools to create professional graphics and digital artwork"
		},
		{
			"name": "Language Learning",
			"description": "Develop effective language acquisition techniques to master new languages systematically"
		},
		{
			"name": "Fitness Training",
			"description": "Build a comprehensive understanding of exercise principles and workout programming"
		},
		{
			"name": "Photography",
			"description": "Master camera techniques and composition skills to capture stunning photographs"
		},
		{
			"name": "Negotiation Skills",
			"description": "Develop effective negotiation strategies to achieve win-win outcomes in any situation"
		},
		{
			"name": "Data Analysis",
			"description": "Learn to collect, analyse, and interpret data to make informed decisions"
		},
		{
			"name": "Search Engine Optimization (SEO)",
			"description": "Learn how to optimize websites and content to rank higher in search engine results."
		},
		{
			"name": "Social Media Marketing",
			"description": "Master the art of using social media platforms to promote brands and engage audiences."
		},
		{
			"name": "Content Marketing",
			"description": "Learn to create and distribute valuable, relevant, and consistent content to attract and retain a clearly defined audience."
		},
		{
			"name": "Email Marketing",
			"description": "Develop effective email marketing strategies to nurture leads and build customer relationships."
		},
		{
			"name": "Affiliate Marketing",
			"description": "Learn how to earn commissions by promoting other companies' products or services."
		},
		{
			"name": "Copywriting",
			"description": "Master the art of writing persuasive marketing materials that convert readers into customers."
		},
		{
			"name": "UX/UI Design",
			"description": "Learn to design user-friendly and aesthetically pleasing interfaces for websites and applications."
		},
		{
			"name": "Game Development",
			"description": "Learn to design and create video games using various programming languages and game engines."
		},
		{
			"name": "Cybersecurity",
			"description": "Learn about protecting computer systems and networks from theft or damage to hardware, software, or electronic data."
		},
		{
			"name": "Data Science",
			"description": "Learn to extract knowledge and insights from structured and unstructured data."
		},
		{
			"name": "Machine Learning",
			"description": "Learn to develop algorithms that allow computer systems to learn from data without explicit programming."
		},
		{
			"name": "Artificial Intelligence (AI)",
			"description": "Learn about the theory and development of computer systems able to perform tasks that normally require human intelligence."
		},
		{
			"name": "Blockchain Technology",
			"description": "Learn about the underlying technology of cryptocurrencies and decentralized applications."
		},
		{
			"name": "3D Modeling and Animation",
			"description": "Learn to create three-dimensional models and animations for various purposes."
		},
		{
			"name": "Music Production",
			"description": "Learn to create and produce music using digital audio workstations (DAWs) and other tools."
		},
		{
			"name": "Video Editing",
			"description": "Learn to edit and enhance video footage using video editing software."
		},
		{
			"name": "Astronomy",
			"description": "Learn about the universe, stars, planets, and other celestial objects."
		},
		{
			"name": "Psychology",
			"description": "Learn about the human mind, behavior, and mental processes."
		},
		{
			"name": "Philosophy",
			"description": "Learn about fundamental questions concerning existence, knowledge, values, reason, mind, and language."
		},
		{
			"name": "History",
			"description": "Learn about past events and their significance."
		},
		{
			"name": "Leadership",
			"description": "Develop skills to inspire and guide individuals and teams towards achieving common goals."
		},
		{
			"name": "Entrepreneurship",
			"description": "Learn the skills necessary to start and run a successful business."
		},
		{
			"name": "Networking",
			"description": "Develop skills to build and maintain professional relationships."
		},
		{
			"name": "Problem-Solving",
			"description": "Develop critical thinking and problem-solving skills to tackle challenges effectively."
		},
		{
			"name": "Critical Thinking",
			"description": "Develop skills to analyse information objectively and make reasoned judgments."
		},
		{
			"name": "Learning New Skills",
			"description": "Develop strategies for acquiring new skills efficiently and effectively."
		},
		{
			"name": "Memory Improvement Techniques",
			"description": "Learn methods to enhance memory capacity and recall."
		},
		{
			"name": "Strength Training",
			"description": "Learn proper form and techniques for building strength and muscle mass."
		},
		{
			"name": "Cardiovascular Fitness",
			"description": "Develop a plan for improving cardiovascular health through exercise."
		},
		{
			"name": "Nutrition and Diet",
			"description": "Learn about healthy eating habits and balanced nutrition."
		},
		{
			"name": "Mindfulness and Meditation",
			"description": "Practice mindfulness and meditation techniques to improve mental well-being."
		},
		{
			"name": "Stress Management",
			"description": "Develop strategies to cope with and manage stress effectively."
		},
		{
			"name": "Sleep Hygiene",
			"description": "Learn about improving sleep quality and promoting better sleep habits."
		},
		{
			"name": "Cognitive Enhancement",
			"description": "Explore techniques and strategies to improve cognitive functions like focus and concentration."
		},
		{
			"name": "Self-Awareness",
			"description": "Develop a deeper understanding of your own thoughts, feelings, and behaviors."
		}
	]
}
