{
	"$schema": "../node_modules/@tauri-apps/cli/config.schema.json",
	"productName": "TaskTurtles",
	"version": "0.1.0",
	"identifier": "com.taskturtles.dev",
	"build": {
		"frontendDist": "../dist",
		"devUrl": "http://taskturtles.co.uk/dashboard",
		"beforeDevCommand": "yarn dev",
		"beforeBuildCommand": "yarn build"
	},
	"app": {
		"windows": [
			{
				"title": "TaskTurtles",
				"width": 1200,
				"height": 800,
				"resizable": true,
				"fullscreen": false,
				"minWidth": 650,
				"minHeight": 800
			}
		],
		"security": {
			"csp": null
		}
	},
	"plugins": {
		"window": {
			"all": true
		},
		"passkeys": {
			"all": true
		},
		"shell": {
			"all": true
		}
	},
	"bundle": {
		"active": true,
		"targets": "all",
		"icon": [
			"icons/32x32.png",
			"icons/128x128.png",
			"icons/128x128@2x.png",
			"icons/icon.icns",
			"icons/icon.ico"
		]
	}
}
