{
	"$schema": "https://biomejs.dev/schemas/1.9.3/schema.json",
	"vcs": {
		"enabled": false,
		"clientKind": "git",
		"useIgnoreFile": false
	},
	"files": {
		"ignoreUnknown": false,
		"ignore": [
			".output",
			".git",
			".nuxt",
			".direnv",
			"node_modules",
			"dist",
			"coverage",
			"out",
			"build",
			"public",
			"tmp"
		]
	},
	"formatter": {
		"enabled": true,
		"indentStyle": "tab"
	},
	"organizeImports": {
		"enabled": true
	},
	"linter": {
		"enabled": true,
		"rules": {
			"recommended": true,
			"style": {
				"noNonNullAssertion": "off"
			}
		}
	},
	"javascript": {
		"formatter": {
			"quoteStyle": "double"
		}
	}
}
